pickup,delivery,distance,equipment,weight,date,predicted_rate
Lexington,Fort Wayne,360,Dry Van,32000,2025-12-01,987.08
Lexington,Fort Wayne,360,Dry Van,32000,2025-12-02,1002.07
Lexington,Fort Wayne,360,Dry Van,32000,2025-12-03,1003.17
Lexington,Fort Wayne,360,Dry Van,32000,2025-12-04,971.15
Lexington,Fort Wayne,360,Dry Van,32000,2025-12-05,970.1
Lexington,Fort Wayne,360,Dry Van,32000,2025-12-06,966.35
Lexington,Fort Wayne,360,Dry Van,32000,2025-12-07,964.2
Lexington,Fort Wayne,360,Dry Van,32000,2025-12-08,958.38
Lexington,Fort Wayne,360,Dry Van,32000,2025-12-09,999.22
Lexington,Fort Wayne,360,Dry Van,32000,2025-12-10,999.79
Lexington,Fort Wayne,360,Dry Van,32000,2025-12-11,969.99
Lexington,Fort Wayne,360,Dry Van,32000,2025-12-12,990.16
Lexington,Fort Wayne,360,Dry Van,32000,2025-12-13,971.56
Lexington,Fort Wayne,360,Dry Van,32000,2025-12-14,972.07
Lexington,Fort Wayne,360,Dry Van,32000,2025-12-15,967.95
Lexington,Fort Wayne,360,Dry Van,32000,2025-12-16,1009.66
Lexington,Fort Wayne,360,Dry Van,32000,2025-12-17,1005.98
Lexington,Fort Wayne,360,Dry Van,32000,2025-12-18,974.45
Lexington,Fort Wayne,360,Dry Van,32000,2025-12-19,974.55
Lexington,Fort Wayne,360,Dry Van,32000,2025-12-20,969.43
Lexington,Fort Wayne,360,Dry Van,32000,2025-12-21,969.52
Lexington,Fort Wayne,360,Dry Van,32000,2025-12-22,966.18
Lexington,Fort Wayne,360,Dry Van,32000,2025-12-23,1010.5
Lexington,Fort Wayne,360,Dry Van,32000,2025-12-24,1007.42
Lexington,Fort Wayne,360,Dry Van,32000,2025-12-25,975.16
Lexington,Fort Wayne,360,Dry Van,32000,2025-12-26,974.2
Lexington,Fort Wayne,360,Dry Van,32000,2025-12-27,967.85
Lexington,Fort Wayne,360,Dry Van,32000,2025-12-28,973.11
Lexington,Fort Wayne,360,Dry Van,32000,2025-12-29,950.98
Lexington,Fort Wayne,360,Dry Van,32000,2025-12-30,992.03
Lexington,Fort Wayne,360,Dry Van,32000,2025-12-31,990.97
