model,mean_rmse,mean_mae,mean_mape_pct,mean_r2,training_time_sec
lasso,578.3572875649793,145.19724734816242,7.022092228550102,0.8509837626331116,20.642524242401123
ridge,578.9708889596584,157.9585668377334,8.353292458435286,0.8507185610278276,1.1806252002716064
catboost,586.8281295628586,140.1186304127604,7.246907182049355,0.8465695165559151,38.61780309677124
extra_trees,589.9570959452601,131.35006291127272,5.950943536667054,0.8448208947591844,189.23569583892822
lightgbm,599.153341547659,161.93202832720942,8.269019755010987,0.8400104697759261,17.057671546936035
random_forest,602.4592406093686,147.21154546692438,6.4557348033192685,0.8386233506795543,366.8019366264343
hist_gradient_boosting,612.9089086655724,165.71618306127715,7.684185971559932,0.8330765902564459,8.972615003585815
xgboost,626.7121258429224,191.35793030999756,9.862525390295776,0.8255244782538899,17.050972938537598
elastic_net,741.0092390831201,406.8948113499856,26.936138688071317,0.7561013282462651,1.3254616260528564
mlp,1086.8005312892847,749.8801100973749,48.493835585394336,0.16041783283765848,1312.9327547550201
